{
    "sample_rate": 24000,
    "max_duration": 23.21,
    "min_duration": 1.0100416666666667,
    "val_dataset": "manifests/librispeech_manifest_val.json",
    "train_dataset": "manifests/librispeech_manifest_train.json",
    "sup_data_path": "librispeech_sup_data",
    "pitch_mean": 212.4727783203125,
    "pitch_std": 65.17254638671875,
    "pitch_fmin": 66.16637420654297,
    "pitch_fmax": 1853.9154052734375
}